{"cameraMode":{"drawMode":0,"name":"Shaded","section":"Shading Mode"},"sceneLighting":true,"audioPlay":false,"sceneViewState":{"m_AlwaysRefresh":false,"showFog":true,"showSkybox":true,"showFlares":true,"showImageEffects":true,"showParticleSystems":true,"showVisualEffectGraphs":true,"m_FxEnabled":true},"in2DMode":false,"pivot":{"x":6.534700393676758,"y":1.9159778356552125,"z":17.897302627563478},"rotation":{"x":-0.016793549060821534,"y":-0.042881496250629428,"z":0.0007217786042019725,"w":-0.9989348649978638},"size":13.524009704589844,"orthographic":false}